               epoch,      train/box_loss,      train/obj_loss,      train/cls_loss,   metrics/precision,      metrics/recall,     metrics/mAP_0.5,metrics/mAP_0.5:0.95,        val/box_loss,        val/obj_loss,        val/cls_loss,               x/lr0,               x/lr1,               x/lr2
                   0,             0.10688,            0.020433,            0.053027,          0.00043168,                 0.3,          0.00055987,          9.7594e-05,             0.10715,            0.013236,            0.052213,              0.0937,              0.0007,              0.0007
                   1,             0.10063,            0.021548,            0.052707,          0.00038525,             0.26667,          0.00056475,          9.9247e-05,            0.099148,            0.014138,            0.052148,            0.086495,            0.001495,            0.001495
                   2,            0.092159,            0.023654,             0.05289,          0.00084328,             0.43333,           0.0014955,          0.00036946,            0.094329,            0.014576,            0.052121,            0.079285,           0.0022848,           0.0022848
                   3,            0.087647,            0.023652,            0.052568,          0.00030713,             0.26667,          0.00060341,          0.00013956,            0.089854,            0.014859,            0.052066,            0.072069,           0.0030693,           0.0030693
                   4,            0.081645,            0.028313,            0.052753,          0.00029858,             0.26667,          0.00037799,          8.9344e-05,            0.085259,            0.015371,            0.052002,            0.064849,           0.0038485,           0.0038485
                   5,            0.079243,            0.026329,            0.052512,          0.00037599,             0.33333,          0.00078038,          0.00012699,            0.080513,            0.015876,            0.051929,            0.057622,           0.0046225,           0.0046225
                   6,            0.076421,            0.026364,            0.052221,          0.00039523,             0.33333,           0.0010939,          0.00017477,            0.077273,            0.016171,            0.051846,            0.050391,           0.0053911,           0.0053911
                   7,            0.077046,            0.027089,            0.051928,          0.00027968,             0.23333,          0.00061728,           0.0001961,            0.074553,            0.016566,            0.051727,            0.043154,           0.0061545,           0.0061545
                   8,            0.071086,            0.027887,            0.052036,          0.00090259,             0.46667,            0.002134,          0.00053798,            0.070237,            0.017273,            0.051636,            0.035913,           0.0069126,           0.0069126
                   9,             0.07149,            0.027627,            0.051653,          0.00089208,             0.43333,           0.0041351,          0.00083203,             0.06841,            0.017452,            0.051508,            0.028665,           0.0076654,           0.0076654
                  10,            0.069394,            0.027012,            0.051567,           0.0033536,                 0.8,            0.013357,           0.0029368,            0.062527,            0.018283,            0.051334,            0.021413,           0.0084129,           0.0084129
                  11,            0.067527,            0.028586,            0.051344,           0.0034659,             0.96667,            0.060665,            0.012484,             0.05511,            0.018928,            0.051013,            0.014155,           0.0091552,           0.0091552
                  12,            0.068291,            0.027721,            0.051151,           0.0033833,                   1,            0.025928,           0.0065626,             0.05141,            0.018768,            0.050876,            0.009604,            0.009604,            0.009604
                  13,             0.06378,            0.028505,            0.050943,           0.0033693,                   1,            0.031672,             0.01146,            0.051467,            0.017768,            0.050491,            0.009604,            0.009604,            0.009604
                  14,            0.062942,            0.025534,            0.050561,           0.0033811,                   1,             0.17776,            0.063098,            0.046601,            0.017347,            0.050253,            0.009571,            0.009571,            0.009571
                  15,            0.062468,            0.026811,            0.050333,           0.0033834,                   1,             0.20433,            0.035254,            0.052322,            0.015323,            0.049338,            0.009538,            0.009538,            0.009538
                  16,            0.060398,            0.028545,            0.050116,           0.0034312,                   1,             0.18063,            0.042316,            0.054727,            0.014934,            0.048358,            0.009505,            0.009505,            0.009505
                  17,            0.061413,              0.0259,            0.049855,           0.0034736,                   1,             0.22025,            0.097798,            0.055122,            0.014262,            0.047589,            0.009472,            0.009472,            0.009472
                  18,            0.057454,            0.025866,              0.0491,           0.0034823,                   1,             0.20505,            0.070405,             0.04765,            0.014765,            0.046866,            0.009439,            0.009439,            0.009439
                  19,            0.056757,            0.022884,            0.048977,           0.0035294,                   1,             0.27122,            0.085802,             0.04556,             0.01521,            0.047305,            0.009406,            0.009406,            0.009406
                  20,            0.053136,            0.025806,            0.048767,           0.0036321,             0.96667,            0.022309,           0.0057019,            0.048429,            0.016679,            0.049933,            0.009373,            0.009373,            0.009373
                  21,            0.056211,            0.024245,            0.048119,           0.0037595,             0.86667,             0.11695,            0.017537,            0.051722,            0.016518,            0.049942,             0.00934,             0.00934,             0.00934
                  22,             0.05585,            0.025983,            0.048091,           0.0036754,             0.86667,             0.15822,            0.028036,            0.051295,            0.016233,            0.048907,            0.009307,            0.009307,            0.009307
                  23,            0.055515,            0.023135,            0.047721,           0.0041736,                   1,             0.23155,            0.072198,            0.045321,            0.015757,            0.046289,            0.009274,            0.009274,            0.009274
                  24,            0.052792,            0.025903,            0.046915,             0.31354,             0.31262,             0.27042,            0.081632,             0.04465,            0.013021,            0.042197,            0.009241,            0.009241,            0.009241
                  25,            0.049978,            0.023459,            0.046135,             0.16579,             0.47699,             0.39377,            0.095856,            0.045223,              0.0131,            0.040402,            0.009208,            0.009208,            0.009208
                  26,             0.05709,            0.022418,            0.046082,             0.58208,             0.38749,             0.30821,             0.10655,             0.05274,            0.012589,            0.039716,            0.009175,            0.009175,            0.009175
                  27,            0.050852,            0.025006,            0.045752,             0.24845,             0.63333,             0.54819,             0.20039,            0.041317,            0.012786,            0.036012,            0.009142,            0.009142,            0.009142
                  28,            0.048306,            0.022716,            0.043555,             0.26755,             0.74796,             0.54941,             0.18707,            0.042844,            0.012537,            0.034818,            0.009109,            0.009109,            0.009109
                  29,            0.050123,            0.020993,            0.043657,             0.26774,               0.746,             0.57907,             0.23042,            0.044607,            0.012421,            0.031682,            0.009076,            0.009076,            0.009076
                  30,            0.047439,            0.021986,            0.042388,             0.61909,             0.50581,              0.5458,             0.23903,             0.05029,            0.010973,            0.029507,            0.009043,            0.009043,            0.009043
                  31,            0.047651,            0.020078,            0.041213,             0.19953,             0.76667,             0.60254,             0.24752,            0.042768,            0.011661,            0.027969,             0.00901,             0.00901,             0.00901
                  32,            0.050312,            0.020755,            0.040245,             0.64374,             0.43333,             0.57166,             0.23691,            0.041485,            0.010713,            0.027296,            0.008977,            0.008977,            0.008977
                  33,            0.047648,            0.018826,            0.038891,             0.57024,             0.62546,             0.67213,             0.31974,            0.042358,            0.011061,            0.026163,            0.008944,            0.008944,            0.008944
                  34,             0.05012,            0.018744,            0.039229,             0.30032,             0.67915,             0.76024,             0.42588,            0.038621,            0.010305,            0.024831,            0.008911,            0.008911,            0.008911
                  35,            0.046333,            0.020489,            0.037781,             0.58486,             0.76667,             0.82482,             0.39241,            0.036802,             0.01106,            0.022284,            0.008878,            0.008878,            0.008878
                  36,            0.047478,            0.019153,            0.035956,             0.60861,             0.76406,             0.85971,             0.43131,            0.036186,           0.0096372,            0.022165,            0.008845,            0.008845,            0.008845
                  37,            0.048051,             0.01861,            0.036858,              0.6767,             0.70679,             0.84074,             0.41588,            0.037755,            0.009663,            0.021534,            0.008812,            0.008812,            0.008812
                  38,            0.047683,            0.019684,             0.03638,              0.6279,             0.73333,             0.80629,             0.40199,            0.039783,            0.010579,            0.020412,            0.008779,            0.008779,            0.008779
                  39,            0.043284,            0.017585,            0.033622,             0.61346,             0.77206,             0.82331,             0.34628,            0.047237,            0.011128,            0.019477,            0.008746,            0.008746,            0.008746
                  40,            0.045738,            0.017487,            0.034392,             0.44123,             0.93741,             0.90194,             0.44056,            0.039038,           0.0092702,            0.018585,            0.008713,            0.008713,            0.008713
                  41,            0.045192,            0.015889,            0.035041,             0.50891,             0.64211,             0.68057,              0.2436,            0.050902,           0.0088789,             0.01845,             0.00868,             0.00868,             0.00868
                  42,            0.045297,            0.017183,            0.032135,             0.61336,             0.83333,             0.89054,             0.37015,             0.04331,           0.0085678,            0.017285,            0.008647,            0.008647,            0.008647
                  43,            0.044714,            0.016458,            0.029348,             0.57102,             0.96834,             0.91024,             0.42917,            0.037643,           0.0079155,            0.017533,            0.008614,            0.008614,            0.008614
                  44,            0.044675,            0.016899,             0.03043,             0.52603,                 0.8,             0.82952,             0.43576,             0.04077,           0.0078365,            0.017047,            0.008581,            0.008581,            0.008581
                  45,             0.04563,            0.015844,            0.026824,             0.54878,             0.83333,             0.89151,             0.47035,            0.035809,           0.0079304,             0.01566,            0.008548,            0.008548,            0.008548
                  46,            0.042227,            0.016985,            0.026399,             0.55387,             0.98117,              0.8439,             0.47539,            0.033042,           0.0081045,            0.015471,            0.008515,            0.008515,            0.008515
                  47,              0.0425,            0.015377,            0.028426,             0.50428,                   1,             0.82542,              0.4701,            0.035083,           0.0088108,            0.014919,            0.008482,            0.008482,            0.008482
                  48,            0.041615,            0.014843,            0.025519,             0.53196,             0.90187,             0.93389,             0.54748,            0.035068,           0.0081291,            0.014056,            0.008449,            0.008449,            0.008449
                  49,            0.043325,            0.016057,            0.024763,             0.73895,             0.87779,             0.93429,             0.58453,            0.031376,           0.0082322,            0.013369,            0.008416,            0.008416,            0.008416
                  50,            0.046005,            0.014571,            0.026285,              0.6349,             0.75812,             0.77968,             0.37403,            0.046454,           0.0081375,             0.01458,            0.008383,            0.008383,            0.008383
                  51,            0.041336,            0.016912,            0.024456,              0.6559,             0.99003,             0.92857,             0.54133,            0.029293,           0.0083531,            0.012562,             0.00835,             0.00835,             0.00835
                  52,            0.043767,            0.015351,            0.022813,             0.70204,             0.92728,             0.84804,             0.45224,            0.036827,           0.0080851,            0.012144,            0.008317,            0.008317,            0.008317
                  53,            0.041064,            0.015988,            0.025241,             0.76519,                   1,             0.94315,             0.50266,            0.036569,           0.0079481,            0.010684,            0.008284,            0.008284,            0.008284
                  54,            0.040651,            0.015117,            0.020041,             0.76969,             0.92887,             0.98389,             0.55631,            0.037652,            0.009082,            0.010454,            0.008251,            0.008251,            0.008251
                  55,            0.042107,             0.01459,            0.021268,             0.86341,             0.56331,             0.88574,             0.42358,            0.038692,            0.011168,             0.01475,            0.008218,            0.008218,            0.008218
                  56,            0.042217,            0.014777,            0.019723,             0.85323,             0.89293,             0.97833,             0.57515,            0.030022,           0.0087363,            0.011311,            0.008185,            0.008185,            0.008185
                  57,            0.040261,             0.01379,            0.020491,              0.8892,             0.93162,             0.94443,             0.48145,            0.034568,           0.0078821,               0.011,            0.008152,            0.008152,            0.008152
                  58,            0.040833,            0.014853,            0.019708,             0.89806,                   1,               0.995,             0.57162,            0.029186,           0.0091352,           0.0092912,            0.008119,            0.008119,            0.008119
                  59,            0.040163,            0.014754,             0.01933,             0.76243,             0.93741,             0.95194,             0.55019,            0.030003,           0.0080465,           0.0096685,            0.008086,            0.008086,            0.008086
                  60,            0.037183,            0.013672,            0.018229,             0.77498,             0.80984,             0.85047,             0.46652,            0.034546,           0.0072261,           0.0094723,            0.008053,            0.008053,            0.008053
                  61,            0.039792,            0.013072,            0.018625,             0.72184,             0.95712,             0.89727,             0.46822,            0.031823,            0.006805,           0.0080157,             0.00802,             0.00802,             0.00802
                  62,            0.039581,            0.013311,            0.017317,             0.89019,             0.92611,             0.98389,             0.50203,            0.035763,           0.0071995,           0.0080289,            0.007987,            0.007987,            0.007987
                  63,            0.040393,            0.013219,            0.018687,             0.96516,                   1,               0.995,             0.65268,            0.029604,           0.0067277,           0.0077233,            0.007954,            0.007954,            0.007954
                  64,            0.040214,            0.014401,            0.017905,             0.97704,             0.99174,               0.995,             0.55282,            0.033189,           0.0066632,           0.0070022,            0.007921,            0.007921,            0.007921
                  65,             0.04113,            0.013765,            0.016978,             0.96367,                   1,               0.995,              0.4264,             0.03329,           0.0064823,           0.0064775,            0.007888,            0.007888,            0.007888
                  66,            0.042136,            0.013407,             0.01558,             0.86979,               0.987,             0.98944,             0.44134,            0.035489,           0.0064146,           0.0057733,            0.007855,            0.007855,            0.007855
                  67,            0.039732,            0.013667,            0.015727,             0.86253,                   1,             0.97595,             0.48571,            0.031608,           0.0063735,           0.0055213,            0.007822,            0.007822,            0.007822
                  68,            0.038934,            0.013769,            0.012727,             0.91731,                   1,               0.995,             0.54543,            0.033502,           0.0060911,           0.0056604,            0.007789,            0.007789,            0.007789
                  69,            0.037145,            0.013009,            0.013636,             0.89125,             0.96667,              0.9625,             0.44461,            0.036598,           0.0060451,           0.0054038,            0.007756,            0.007756,            0.007756
                  70,             0.04099,            0.013335,             0.01557,             0.96922,                   1,               0.995,              0.6213,            0.026833,           0.0059553,            0.005236,            0.007723,            0.007723,            0.007723
                  71,            0.038612,            0.013816,            0.013066,             0.95732,                   1,               0.995,              0.6394,            0.026734,           0.0058122,           0.0047863,             0.00769,             0.00769,             0.00769
                  72,            0.037554,            0.013731,            0.013798,             0.96842,                   1,               0.995,             0.63099,            0.030662,           0.0062039,            0.004295,            0.007657,            0.007657,            0.007657
                  73,            0.037623,            0.013163,            0.010762,             0.97764,                   1,               0.995,             0.62448,            0.029638,           0.0061998,           0.0043018,            0.007624,            0.007624,            0.007624
                  74,            0.037704,            0.012344,            0.012046,             0.97659,                   1,               0.995,             0.64849,            0.030119,           0.0060971,           0.0042287,            0.007591,            0.007591,            0.007591
                  75,            0.037376,            0.012819,            0.012493,             0.97428,                   1,               0.995,              0.5854,            0.029826,           0.0062812,           0.0035276,            0.007558,            0.007558,            0.007558
                  76,            0.039951,            0.012715,            0.012281,             0.96804,                   1,               0.995,              0.5825,             0.02817,           0.0062683,           0.0034967,            0.007525,            0.007525,            0.007525
                  77,            0.037517,            0.013268,             0.01245,             0.95945,                   1,               0.995,             0.53236,            0.027073,           0.0062103,           0.0032827,            0.007492,            0.007492,            0.007492
                  78,            0.036245,            0.012235,            0.012759,             0.92988,                   1,               0.995,             0.56531,            0.029843,           0.0061563,           0.0035532,            0.007459,            0.007459,            0.007459
                  79,             0.03747,            0.013218,            0.010596,             0.95843,                   1,               0.995,             0.63318,            0.026877,           0.0061197,           0.0034149,            0.007426,            0.007426,            0.007426
                  80,            0.033877,            0.011851,           0.0098436,             0.94159,                   1,               0.995,             0.59418,            0.033567,           0.0059496,           0.0030474,            0.007393,            0.007393,            0.007393
                  81,            0.036924,            0.012697,             0.01102,             0.91696,             0.96667,             0.95682,             0.41698,            0.038482,            0.006253,           0.0027652,             0.00736,             0.00736,             0.00736
                  82,             0.03708,            0.012327,           0.0099572,             0.91994,                   1,             0.97595,             0.59576,            0.032477,           0.0060314,            0.002822,            0.007327,            0.007327,            0.007327
                  83,            0.036474,            0.012026,            0.010702,              0.9747,                   1,               0.995,             0.65416,            0.028119,           0.0061531,           0.0027504,            0.007294,            0.007294,            0.007294
                  84,            0.034154,            0.011557,           0.0092014,              0.9057,                   1,               0.995,             0.61891,             0.02547,           0.0066781,            0.002723,            0.007261,            0.007261,            0.007261
                  85,            0.034215,             0.01275,           0.0095782,             0.84647,                   1,                0.97,             0.62787,            0.027749,           0.0064513,           0.0024831,            0.007228,            0.007228,            0.007228
                  86,            0.035679,            0.012742,           0.0089889,             0.96237,                   1,               0.995,             0.62709,            0.027156,           0.0063227,           0.0026736,            0.007195,            0.007195,            0.007195
                  87,            0.033039,            0.011794,            0.009713,             0.96948,                   1,               0.995,             0.60173,             0.02975,           0.0075851,           0.0026796,            0.007162,            0.007162,            0.007162
                  88,            0.034041,             0.01219,           0.0092389,             0.97477,             0.99949,               0.995,             0.68458,            0.025064,           0.0075424,           0.0034939,            0.007129,            0.007129,            0.007129
                  89,            0.038228,            0.012786,           0.0088649,             0.96591,             0.99165,               0.995,             0.71305,            0.023926,           0.0065903,           0.0029314,            0.007096,            0.007096,            0.007096
                  90,            0.036734,            0.012589,           0.0078699,             0.89903,                   1,             0.97881,             0.68929,            0.024929,           0.0061442,           0.0024038,            0.007063,            0.007063,            0.007063
                  91,            0.036749,            0.011383,           0.0081566,              0.9759,                   1,               0.995,             0.66145,            0.025228,           0.0059057,           0.0026362,             0.00703,             0.00703,             0.00703
                  92,            0.034211,            0.012563,           0.0080635,             0.96957,                   1,               0.995,             0.66729,            0.026317,           0.0058848,           0.0023357,            0.006997,            0.006997,            0.006997
                  93,               0.034,            0.012603,            0.008337,             0.90609,                   1,             0.98944,             0.62693,            0.025829,           0.0063522,           0.0025691,            0.006964,            0.006964,            0.006964
                  94,            0.034305,            0.012062,           0.0087826,             0.97821,                   1,               0.995,             0.56289,            0.027704,           0.0061547,           0.0027008,            0.006931,            0.006931,            0.006931
                  95,            0.035392,            0.011986,           0.0099899,             0.89935,             0.92302,             0.94583,             0.51179,            0.028473,           0.0064517,           0.0028454,            0.006898,            0.006898,            0.006898
                  96,            0.033903,            0.011614,           0.0084715,             0.98226,                   1,               0.995,             0.60195,            0.025658,           0.0056672,           0.0029147,            0.006865,            0.006865,            0.006865
                  97,            0.034171,            0.012361,           0.0076221,              0.9802,                   1,               0.995,             0.65564,             0.02638,           0.0060326,           0.0024217,            0.006832,            0.006832,            0.006832
                  98,            0.033226,            0.011863,           0.0076001,              0.9477,                   1,               0.995,             0.65984,            0.024492,           0.0058408,           0.0022562,            0.006799,            0.006799,            0.006799
                  99,            0.031029,            0.011375,            0.006895,             0.93218,                   1,               0.995,             0.64777,            0.024276,            0.006272,           0.0018591,            0.006766,            0.006766,            0.006766
                 100,             0.03455,            0.010286,           0.0071359,             0.87112,             0.97207,             0.97833,              0.6165,            0.031121,           0.0078027,           0.0017777,            0.006733,            0.006733,            0.006733
                 101,            0.031346,            0.011438,           0.0083289,             0.91747,             0.99354,             0.98944,             0.60111,            0.030617,           0.0068127,           0.0022093,              0.0067,              0.0067,              0.0067
                 102,            0.033677,            0.012361,           0.0066566,             0.94012,                   1,               0.995,              0.6335,            0.024673,           0.0053722,           0.0026338,            0.006667,            0.006667,            0.006667
                 103,            0.032395,            0.011698,           0.0067948,             0.95355,                   1,               0.995,             0.70267,            0.022427,           0.0051651,           0.0028755,            0.006634,            0.006634,            0.006634
                 104,            0.033285,             0.01127,           0.0072391,             0.95901,                   1,               0.995,              0.6217,            0.023788,           0.0052288,           0.0020781,            0.006601,            0.006601,            0.006601
                 105,            0.032961,            0.011629,           0.0073766,             0.97689,                   1,               0.995,              0.6652,            0.026447,           0.0051941,           0.0019432,            0.006568,            0.006568,            0.006568
                 106,            0.031357,            0.010935,           0.0052998,             0.97575,                   1,               0.995,             0.76187,            0.022873,           0.0054842,           0.0020103,            0.006535,            0.006535,            0.006535
                 107,            0.031473,            0.011868,           0.0088864,             0.97644,                   1,               0.995,             0.73222,            0.021684,           0.0060995,           0.0022051,            0.006502,            0.006502,            0.006502
                 108,            0.032917,            0.011136,           0.0077502,             0.97192,                   1,               0.995,             0.65926,            0.023663,           0.0055507,           0.0019451,            0.006469,            0.006469,            0.006469
                 109,            0.032078,            0.011715,           0.0067165,              0.9779,                   1,               0.995,             0.71043,            0.024265,           0.0056736,           0.0019369,            0.006436,            0.006436,            0.006436
                 110,            0.032224,            0.011321,           0.0081196,             0.97829,                   1,               0.995,             0.72152,            0.026998,           0.0051857,           0.0017414,            0.006403,            0.006403,            0.006403
                 111,            0.032299,            0.011513,           0.0073367,             0.98172,                   1,               0.995,             0.70921,            0.024496,           0.0048976,           0.0016662,             0.00637,             0.00637,             0.00637
                 112,            0.033254,            0.010783,           0.0077527,             0.97932,                   1,               0.995,             0.67675,            0.026056,           0.0049641,           0.0019191,            0.006337,            0.006337,            0.006337
                 113,            0.032687,            0.011621,           0.0065843,             0.98023,                   1,               0.995,               0.672,            0.027004,           0.0056218,           0.0023493,            0.006304,            0.006304,            0.006304
                 114,            0.030506,            0.011425,           0.0060691,              0.9737,                   1,               0.995,             0.68437,            0.023883,           0.0051891,           0.0020092,            0.006271,            0.006271,            0.006271
                 115,            0.031274,            0.010208,           0.0072703,             0.97658,                   1,               0.995,             0.73233,             0.01977,            0.005148,           0.0017568,            0.006238,            0.006238,            0.006238
                 116,            0.033867,            0.011329,           0.0071458,             0.97797,                   1,               0.995,             0.69004,            0.023008,           0.0050485,            0.001704,            0.006205,            0.006205,            0.006205
                 117,            0.030941,            0.011707,            0.006385,              0.9717,                   1,               0.995,             0.72819,            0.021144,           0.0050249,            0.001593,            0.006172,            0.006172,            0.006172
                 118,            0.030492,            0.011577,           0.0068191,             0.97564,                   1,               0.995,             0.68056,            0.021495,           0.0048823,           0.0015179,            0.006139,            0.006139,            0.006139
                 119,            0.030758,            0.011514,           0.0073975,             0.97647,                   1,               0.995,             0.71171,            0.021496,           0.0051825,           0.0013877,            0.006106,            0.006106,            0.006106
                 120,            0.031589,            0.011285,           0.0069609,             0.98034,                   1,               0.995,             0.67122,            0.024241,            0.005178,           0.0015756,            0.006073,            0.006073,            0.006073
                 121,            0.029826,            0.011668,           0.0063157,             0.97443,                   1,               0.995,             0.70402,            0.023023,           0.0050761,           0.0016462,             0.00604,             0.00604,             0.00604
                 122,            0.031098,            0.010924,           0.0074613,             0.98003,                   1,               0.995,             0.71624,            0.022815,           0.0049816,           0.0018042,            0.006007,            0.006007,            0.006007
                 123,            0.030885,            0.011256,           0.0067375,             0.97002,                   1,               0.995,             0.73833,            0.023049,           0.0049262,           0.0022279,            0.005974,            0.005974,            0.005974
                 124,            0.029365,            0.010122,           0.0066949,             0.92931,             0.94422,               0.995,             0.66676,             0.02257,           0.0050481,           0.0027527,            0.005941,            0.005941,            0.005941
                 125,            0.029784,             0.01182,           0.0054706,             0.94841,                   1,               0.995,             0.67263,            0.026823,           0.0052223,           0.0026165,            0.005908,            0.005908,            0.005908
                 126,            0.030338,             0.01155,           0.0056164,             0.95726,                   1,               0.995,             0.56135,            0.033179,           0.0052151,           0.0024987,            0.005875,            0.005875,            0.005875
                 127,            0.030661,            0.011148,           0.0065069,             0.97723,                   1,               0.995,             0.59692,             0.02826,            0.005042,           0.0016059,            0.005842,            0.005842,            0.005842
                 128,            0.032177,            0.011447,           0.0053968,             0.97468,                   1,               0.995,             0.64688,            0.026369,           0.0049228,           0.0016798,            0.005809,            0.005809,            0.005809
                 129,            0.029746,            0.010578,           0.0053901,             0.97359,                   1,               0.995,             0.67977,            0.025028,             0.00476,           0.0014827,            0.005776,            0.005776,            0.005776
                 130,            0.028498,            0.011092,           0.0049774,             0.97569,                   1,               0.995,             0.60605,            0.025844,           0.0049149,           0.0015021,            0.005743,            0.005743,            0.005743
                 131,            0.029295,              0.0105,           0.0051703,             0.98512,                   1,               0.995,             0.73432,            0.022499,           0.0049145,           0.0016663,             0.00571,             0.00571,             0.00571
                 132,            0.029517,            0.010842,           0.0063481,             0.98314,                   1,               0.995,             0.72105,            0.023348,           0.0047866,           0.0014494,            0.005677,            0.005677,            0.005677
                 133,            0.030007,            0.011311,           0.0060183,              0.9847,                   1,               0.995,             0.72575,            0.020082,           0.0046238,           0.0014184,            0.005644,            0.005644,            0.005644
                 134,            0.028835,            0.010618,           0.0059132,             0.98555,                   1,               0.995,             0.71212,            0.024143,           0.0052115,           0.0014809,            0.005611,            0.005611,            0.005611
                 135,            0.026996,            0.010536,           0.0055103,             0.88305,                   1,               0.995,             0.44489,            0.038972,           0.0073599,           0.0024355,            0.005578,            0.005578,            0.005578
                 136,            0.030487,            0.011325,           0.0060283,             0.92823,                   1,               0.995,               0.553,            0.033113,           0.0069025,           0.0021383,            0.005545,            0.005545,            0.005545
                 137,            0.030044,            0.010966,           0.0051147,             0.97733,                   1,               0.995,             0.67342,            0.024933,           0.0063457,           0.0015482,            0.005512,            0.005512,            0.005512
                 138,            0.027992,             0.01042,           0.0049226,             0.97675,                   1,               0.995,             0.73836,            0.019175,           0.0050285,           0.0013184,            0.005479,            0.005479,            0.005479
                 139,            0.027468,            0.010434,           0.0053927,             0.97156,                   1,               0.995,             0.73675,            0.020028,           0.0048099,           0.0012563,            0.005446,            0.005446,            0.005446
                 140,            0.028555,            0.010094,           0.0045779,              0.9741,                   1,               0.995,             0.72983,             0.01913,           0.0047836,           0.0013112,            0.005413,            0.005413,            0.005413
                 141,            0.027822,              0.0103,           0.0051597,             0.97567,                   1,               0.995,             0.74549,            0.018717,            0.004548,           0.0013171,             0.00538,             0.00538,             0.00538
                 142,            0.027932,            0.010689,           0.0064189,             0.97597,                   1,               0.995,             0.74169,            0.021204,           0.0047288,           0.0014128,            0.005347,            0.005347,            0.005347
                 143,            0.027878,            0.010066,           0.0042385,             0.97754,                   1,               0.995,             0.81013,            0.022419,           0.0051468,            0.001612,            0.005314,            0.005314,            0.005314
                 144,            0.030391,            0.010972,           0.0069402,             0.98094,                   1,               0.995,             0.70764,            0.025413,           0.0050817,           0.0014461,            0.005281,            0.005281,            0.005281
                 145,            0.028211,           0.0098835,           0.0043269,             0.97994,                   1,               0.995,             0.71679,            0.021868,           0.0048027,           0.0015062,            0.005248,            0.005248,            0.005248
                 146,            0.029406,             0.01146,           0.0062519,             0.98257,                   1,               0.995,             0.79885,            0.022013,           0.0047971,           0.0015028,            0.005215,            0.005215,            0.005215
                 147,            0.029058,            0.010153,           0.0062571,             0.98121,                   1,               0.995,             0.77529,            0.021932,           0.0050866,           0.0016059,            0.005182,            0.005182,            0.005182
                 148,            0.027505,           0.0095234,           0.0054018,             0.98108,                   1,               0.995,             0.75302,            0.019322,           0.0045756,           0.0015175,            0.005149,            0.005149,            0.005149
                 149,            0.028677,           0.0098796,            0.005212,             0.98002,                   1,               0.995,             0.79339,            0.017638,           0.0046246,           0.0015591,            0.005116,            0.005116,            0.005116
                 150,            0.027518,            0.010463,           0.0044755,             0.98486,                   1,               0.995,             0.78966,             0.01981,           0.0045583,           0.0015239,            0.005083,            0.005083,            0.005083
                 151,            0.028872,            0.010848,            0.004266,             0.98623,                   1,               0.995,             0.76657,            0.019437,           0.0044799,           0.0014458,             0.00505,             0.00505,             0.00505
                 152,            0.026372,           0.0099432,           0.0048542,             0.98357,                   1,               0.995,             0.76356,            0.019109,           0.0044999,           0.0014214,            0.005017,            0.005017,            0.005017
                 153,            0.027028,            0.010177,           0.0055002,             0.98429,                   1,               0.995,              0.7998,            0.018315,            0.004377,           0.0014249,            0.004984,            0.004984,            0.004984
                 154,            0.025975,           0.0099883,           0.0039729,              0.9852,                   1,               0.995,             0.76785,            0.020671,           0.0043826,           0.0014791,            0.004951,            0.004951,            0.004951
                 155,            0.026818,           0.0098551,           0.0045189,             0.98261,                   1,               0.995,             0.71191,             0.02373,           0.0046016,           0.0015627,            0.004918,            0.004918,            0.004918
                 156,            0.025109,            0.010017,           0.0058262,             0.98378,                   1,               0.995,             0.76698,            0.022179,           0.0045166,           0.0015058,            0.004885,            0.004885,            0.004885
                 157,            0.025895,           0.0094639,           0.0045237,             0.98313,                   1,               0.995,             0.77761,            0.017373,            0.004411,           0.0012931,            0.004852,            0.004852,            0.004852
                 158,            0.026409,            0.010004,           0.0039779,             0.98206,                   1,               0.995,             0.80599,            0.017499,           0.0043484,           0.0012191,            0.004819,            0.004819,            0.004819
                 159,            0.025629,            0.010138,           0.0053884,             0.98299,                   1,               0.995,             0.74274,            0.019894,           0.0044673,             0.00118,            0.004786,            0.004786,            0.004786
                 160,            0.027616,           0.0092697,             0.00465,             0.98562,                   1,               0.995,             0.78698,            0.017816,           0.0043577,           0.0011873,            0.004753,            0.004753,            0.004753
                 161,            0.028088,           0.0097983,           0.0063331,             0.98412,                   1,               0.995,             0.80259,            0.017138,           0.0043518,           0.0012314,             0.00472,             0.00472,             0.00472
                 162,             0.02572,            0.009923,           0.0046089,             0.98207,                   1,               0.995,             0.76675,            0.020312,           0.0043405,           0.0010963,            0.004687,            0.004687,            0.004687
                 163,            0.026625,            0.010739,           0.0045983,             0.98161,                   1,               0.995,             0.74772,            0.018889,           0.0043919,           0.0010491,            0.004654,            0.004654,            0.004654
                 164,            0.025418,            0.010538,           0.0037998,             0.98149,                   1,               0.995,             0.76468,            0.018125,           0.0043579,           0.0010254,            0.004621,            0.004621,            0.004621
                 165,            0.025395,           0.0098715,           0.0048083,             0.98064,                   1,               0.995,             0.77578,            0.018845,           0.0043929,            0.001026,            0.004588,            0.004588,            0.004588
                 166,            0.026325,           0.0096991,           0.0047799,             0.98041,                   1,               0.995,             0.73032,            0.019205,           0.0043645,           0.0010571,            0.004555,            0.004555,            0.004555
                 167,            0.027622,           0.0094275,           0.0056106,             0.98118,                   1,               0.995,             0.81855,             0.01769,           0.0042537,           0.0011541,            0.004522,            0.004522,            0.004522
                 168,            0.026101,            0.010324,           0.0048676,             0.98157,                   1,               0.995,             0.80432,            0.017256,           0.0045434,           0.0011946,            0.004489,            0.004489,            0.004489
                 169,            0.024819,           0.0099238,            0.004053,             0.98106,                   1,               0.995,             0.79042,            0.018086,           0.0047775,           0.0012156,            0.004456,            0.004456,            0.004456
                 170,            0.026232,           0.0096551,           0.0042043,             0.98258,                   1,               0.995,              0.8064,            0.017509,           0.0046999,           0.0012515,            0.004423,            0.004423,            0.004423
                 171,            0.026062,              0.0102,           0.0038198,             0.98184,                   1,               0.995,              0.8286,            0.015748,           0.0043184,           0.0013239,             0.00439,             0.00439,             0.00439
                 172,            0.027779,            0.010452,           0.0061107,              0.9816,                   1,               0.995,             0.81566,            0.016231,           0.0042293,           0.0013161,            0.004357,            0.004357,            0.004357
                 173,            0.024433,           0.0097291,           0.0045859,             0.98277,                   1,               0.995,             0.76983,            0.017802,           0.0043242,           0.0012647,            0.004324,            0.004324,            0.004324
                 174,            0.027623,           0.0094882,            0.003898,             0.98328,                   1,               0.995,             0.81394,            0.016141,           0.0041705,           0.0012112,            0.004291,            0.004291,            0.004291
                 175,            0.024898,           0.0092454,           0.0034517,             0.98325,                   1,               0.995,             0.81651,            0.016245,           0.0042432,           0.0011157,            0.004258,            0.004258,            0.004258
                 176,            0.025404,            0.010155,            0.004344,             0.98423,                   1,               0.995,             0.80333,            0.016643,           0.0041491,           0.0010648,            0.004225,            0.004225,            0.004225
                 177,            0.025356,            0.010072,           0.0045795,             0.98224,                   1,               0.995,             0.80923,            0.016486,           0.0042164,           0.0010203,            0.004192,            0.004192,            0.004192
                 178,            0.025649,            0.009182,           0.0040058,               0.981,                   1,               0.995,              0.7978,            0.016108,            0.004265,           0.0010289,            0.004159,            0.004159,            0.004159
                 179,            0.025727,           0.0093277,           0.0036515,              0.9796,                   1,               0.995,              0.7899,            0.016999,           0.0043841,           0.0010809,            0.004126,            0.004126,            0.004126
                 180,            0.026295,           0.0095501,           0.0047761,             0.97784,                   1,               0.995,             0.82079,             0.01612,           0.0042644,           0.0010738,            0.004093,            0.004093,            0.004093
                 181,            0.025134,           0.0090382,           0.0034651,              0.9765,                   1,               0.995,              0.7864,            0.018095,            0.004233,           0.0010147,             0.00406,             0.00406,             0.00406
                 182,            0.024703,           0.0093463,           0.0040081,             0.97599,                   1,               0.995,             0.83792,             0.01775,           0.0041989,           0.0010373,            0.004027,            0.004027,            0.004027
                 183,            0.024524,           0.0098618,            0.003829,             0.97468,                   1,               0.995,             0.75798,            0.018454,           0.0042728,           0.0010986,            0.003994,            0.003994,            0.003994
                 184,            0.024704,           0.0094884,           0.0042867,             0.97567,                   1,               0.995,             0.78493,            0.016803,           0.0041548,           0.0010916,            0.003961,            0.003961,            0.003961
                 185,             0.02603,           0.0088285,           0.0041605,             0.97668,                   1,               0.995,             0.79663,             0.01671,           0.0041651,           0.0010682,            0.003928,            0.003928,            0.003928
                 186,            0.024319,            0.010396,           0.0040889,             0.97885,                   1,               0.995,             0.79916,            0.014999,           0.0040937,             0.00103,            0.003895,            0.003895,            0.003895
                 187,            0.024956,           0.0092052,           0.0041705,             0.98261,                   1,               0.995,             0.83183,            0.015539,           0.0040581,          0.00097167,            0.003862,            0.003862,            0.003862
                 188,            0.024902,           0.0086485,           0.0043513,              0.9817,                   1,               0.995,             0.79451,            0.018044,           0.0041034,          0.00097604,            0.003829,            0.003829,            0.003829
                 189,            0.023816,           0.0091122,           0.0049521,              0.9811,                   1,               0.995,             0.76355,            0.018043,           0.0041171,          0.00097225,            0.003796,            0.003796,            0.003796
                 190,             0.02271,           0.0092355,           0.0024406,             0.98467,                   1,               0.995,             0.82009,            0.017184,           0.0040643,          0.00098627,            0.003763,            0.003763,            0.003763
                 191,             0.02552,           0.0092534,           0.0039802,             0.98528,                   1,               0.995,             0.80353,            0.016424,           0.0040645,          0.00094471,             0.00373,             0.00373,             0.00373
                 192,            0.025049,           0.0090413,           0.0032036,             0.98481,                   1,               0.995,             0.80186,            0.016324,           0.0040815,          0.00096009,            0.003697,            0.003697,            0.003697
                 193,            0.024878,           0.0098748,           0.0034867,             0.98298,                   1,               0.995,              0.7787,             0.01687,           0.0041626,          0.00098541,            0.003664,            0.003664,            0.003664
                 194,            0.022715,           0.0098374,           0.0033368,              0.9824,                   1,               0.995,             0.81746,            0.016036,           0.0041576,          0.00097189,            0.003631,            0.003631,            0.003631
                 195,            0.023949,           0.0093162,           0.0040944,             0.98231,                   1,               0.995,             0.80664,            0.016296,           0.0044282,          0.00094371,            0.003598,            0.003598,            0.003598
                 196,            0.023662,           0.0097999,           0.0030318,             0.98313,                   1,               0.995,             0.77876,            0.016933,           0.0044802,           0.0009701,            0.003565,            0.003565,            0.003565
                 197,            0.023895,           0.0090287,           0.0040472,             0.98423,                   1,               0.995,             0.78241,            0.017602,           0.0042076,          0.00097861,            0.003532,            0.003532,            0.003532
                 198,            0.023944,           0.0090464,            0.003737,             0.98387,                   1,               0.995,             0.75926,            0.019566,           0.0042918,          0.00094897,            0.003499,            0.003499,            0.003499
                 199,            0.024784,           0.0099968,           0.0040525,              0.9831,                   1,               0.995,             0.82708,            0.015723,           0.0040285,          0.00092822,            0.003466,            0.003466,            0.003466
                 200,            0.023557,           0.0095276,           0.0035768,             0.98385,                   1,               0.995,             0.83074,            0.015141,           0.0039964,          0.00091356,            0.003433,            0.003433,            0.003433
                 201,            0.022902,           0.0098712,           0.0037047,             0.98451,                   1,               0.995,             0.80512,            0.015726,           0.0040923,          0.00091074,              0.0034,              0.0034,              0.0034
                 202,            0.022034,           0.0086904,           0.0028699,             0.98522,                   1,               0.995,              0.7819,            0.016792,           0.0041882,          0.00091345,            0.003367,            0.003367,            0.003367
                 203,            0.024161,           0.0080546,           0.0047672,             0.98648,                   1,               0.995,             0.80151,            0.017296,           0.0042043,          0.00094929,            0.003334,            0.003334,            0.003334
                 204,            0.023235,            0.010097,           0.0038106,             0.98538,                   1,               0.995,             0.77735,            0.017603,           0.0042209,          0.00096967,            0.003301,            0.003301,            0.003301
                 205,            0.023479,           0.0091007,           0.0043163,             0.98376,                   1,               0.995,             0.80925,            0.016992,           0.0040631,          0.00096045,            0.003268,            0.003268,            0.003268
                 206,            0.022226,           0.0091056,            0.003545,             0.98324,                   1,               0.995,             0.80639,            0.016845,           0.0040224,          0.00094314,            0.003235,            0.003235,            0.003235
                 207,            0.022588,           0.0087846,           0.0030719,             0.98183,                   1,               0.995,             0.80728,            0.016263,           0.0040093,           0.0008793,            0.003202,            0.003202,            0.003202
                 208,            0.023323,           0.0089816,           0.0040831,             0.98092,                   1,               0.995,             0.76952,            0.017505,           0.0041346,          0.00082823,            0.003169,            0.003169,            0.003169
                 209,            0.023107,           0.0097439,           0.0036515,             0.98215,                   1,               0.995,             0.79123,            0.018577,             0.00415,          0.00085115,            0.003136,            0.003136,            0.003136
                 210,            0.021791,           0.0083646,           0.0025287,             0.98326,                   1,               0.995,              0.7351,            0.021344,           0.0042148,          0.00082147,            0.003103,            0.003103,            0.003103
                 211,             0.02368,           0.0086885,           0.0035089,             0.98378,                   1,               0.995,             0.75689,            0.020032,           0.0042021,          0.00084404,             0.00307,             0.00307,             0.00307
                 212,            0.023094,           0.0087884,           0.0028768,             0.98283,                   1,               0.995,             0.80309,            0.018241,           0.0040815,          0.00086213,            0.003037,            0.003037,            0.003037
                 213,            0.023474,             0.00861,           0.0036058,             0.98238,                   1,               0.995,             0.79177,            0.016495,           0.0040871,          0.00084229,            0.003004,            0.003004,            0.003004
                 214,            0.021107,           0.0093361,           0.0031425,             0.98347,                   1,               0.995,             0.81096,            0.015796,           0.0039972,          0.00085781,            0.002971,            0.002971,            0.002971
                 215,            0.022822,           0.0081846,           0.0029351,             0.98449,                   1,               0.995,              0.8119,            0.015845,           0.0040786,          0.00083857,            0.002938,            0.002938,            0.002938
                 216,            0.023382,            0.010325,           0.0031227,             0.98417,                   1,               0.995,             0.83899,            0.015093,           0.0039517,          0.00086968,            0.002905,            0.002905,            0.002905
                 217,            0.021476,           0.0086377,           0.0032519,             0.98343,                   1,               0.995,             0.82253,            0.015572,           0.0039733,          0.00091274,            0.002872,            0.002872,            0.002872
                 218,            0.022489,           0.0092817,           0.0029902,             0.98328,                   1,               0.995,             0.83008,            0.015738,           0.0039517,           0.0009063,            0.002839,            0.002839,            0.002839
                 219,            0.021738,           0.0086319,            0.003029,             0.98218,                   1,               0.995,             0.84081,            0.014281,           0.0039378,          0.00087397,            0.002806,            0.002806,            0.002806
                 220,            0.022414,           0.0093643,           0.0036618,             0.98279,                   1,               0.995,             0.85459,            0.013365,           0.0039584,          0.00082669,            0.002773,            0.002773,            0.002773
                 221,            0.022371,           0.0097143,           0.0034753,               0.982,                   1,               0.995,             0.83277,            0.014712,           0.0040091,          0.00080681,             0.00274,             0.00274,             0.00274
                 222,            0.021308,           0.0091082,           0.0024743,             0.98137,                   1,               0.995,             0.84106,            0.014479,           0.0040303,          0.00080813,            0.002707,            0.002707,            0.002707
                 223,            0.021288,           0.0093802,           0.0030655,             0.98119,                   1,               0.995,             0.84831,             0.01445,           0.0040915,          0.00078331,            0.002674,            0.002674,            0.002674
                 224,             0.02217,           0.0088938,           0.0029779,             0.98064,                   1,               0.995,             0.82858,             0.01564,           0.0041747,          0.00075009,            0.002641,            0.002641,            0.002641
                 225,            0.021263,           0.0096228,           0.0026594,             0.97897,                   1,               0.995,             0.77895,            0.016785,           0.0042275,          0.00074065,            0.002608,            0.002608,            0.002608
                 226,            0.021171,           0.0079915,           0.0039272,             0.97831,                   1,               0.995,             0.82596,            0.015103,            0.003938,          0.00074422,            0.002575,            0.002575,            0.002575
                 227,            0.021367,             0.00929,           0.0034836,             0.97894,                   1,               0.995,             0.81569,            0.016791,           0.0038725,          0.00074401,            0.002542,            0.002542,            0.002542
                 228,            0.020867,           0.0088935,           0.0030767,             0.98113,                   1,               0.995,             0.86297,            0.014407,           0.0037027,          0.00073231,            0.002509,            0.002509,            0.002509
                 229,            0.021142,           0.0087618,           0.0023897,              0.9822,                   1,               0.995,             0.84674,            0.014289,           0.0036969,            0.000714,            0.002476,            0.002476,            0.002476
                 230,            0.020127,           0.0086894,           0.0031244,             0.98286,                   1,               0.995,             0.86026,            0.014455,           0.0036765,          0.00071329,            0.002443,            0.002443,            0.002443
                 231,            0.021735,           0.0083134,           0.0049003,              0.9844,                   1,               0.995,             0.85929,            0.014044,           0.0036425,          0.00072409,             0.00241,             0.00241,             0.00241
                 232,            0.019431,           0.0089565,           0.0021933,             0.98494,                   1,               0.995,               0.844,            0.013484,           0.0035568,          0.00072434,            0.002377,            0.002377,            0.002377
                 233,            0.020093,           0.0087105,            0.002912,             0.98592,                   1,               0.995,             0.86999,            0.012964,           0.0035377,          0.00074598,            0.002344,            0.002344,            0.002344
                 234,            0.020839,           0.0086814,           0.0024099,               0.986,                   1,               0.995,             0.79977,            0.014356,           0.0036338,          0.00075316,            0.002311,            0.002311,            0.002311
                 235,            0.020706,            0.008656,            0.003217,             0.98619,                   1,               0.995,             0.86126,            0.012808,           0.0035409,          0.00078835,            0.002278,            0.002278,            0.002278
                 236,            0.021353,           0.0090108,           0.0036895,             0.98704,                   1,               0.995,             0.85503,            0.012954,           0.0035975,          0.00069416,            0.002245,            0.002245,            0.002245
                 237,            0.021831,           0.0088181,           0.0033124,             0.98753,                   1,               0.995,              0.8451,            0.013025,           0.0036731,          0.00064141,            0.002212,            0.002212,            0.002212
                 238,            0.020601,           0.0079438,           0.0029436,             0.98712,                   1,               0.995,             0.83969,            0.012595,           0.0036533,          0.00062023,            0.002179,            0.002179,            0.002179
                 239,            0.019755,           0.0084916,           0.0027296,             0.98699,                   1,               0.995,             0.85265,            0.012724,           0.0036443,          0.00061555,            0.002146,            0.002146,            0.002146
                 240,            0.019657,           0.0087636,           0.0027491,             0.98745,                   1,               0.995,             0.84692,            0.012817,           0.0036292,          0.00060468,            0.002113,            0.002113,            0.002113
                 241,            0.021885,           0.0082977,            0.003016,             0.98723,                   1,               0.995,             0.87049,            0.012157,           0.0035826,          0.00060527,             0.00208,             0.00208,             0.00208
                 242,            0.019691,           0.0087433,           0.0021677,             0.98726,                   1,               0.995,             0.87079,             0.01234,           0.0037468,          0.00060598,            0.002047,            0.002047,            0.002047
                 243,            0.021048,           0.0082517,           0.0026697,             0.98722,                   1,               0.995,             0.85192,             0.01363,           0.0039253,          0.00058529,            0.002014,            0.002014,            0.002014
                 244,            0.020416,           0.0090347,           0.0034544,             0.98764,                   1,               0.995,             0.87445,            0.012731,           0.0035677,          0.00059747,            0.001981,            0.001981,            0.001981
                 245,            0.019626,           0.0080579,           0.0019078,             0.98795,                   1,               0.995,             0.83969,             0.01279,           0.0035079,          0.00059128,            0.001948,            0.001948,            0.001948
                 246,            0.018961,           0.0089736,           0.0019146,             0.98772,                   1,               0.995,             0.87795,            0.012076,           0.0034128,          0.00057889,            0.001915,            0.001915,            0.001915
                 247,            0.020024,           0.0082425,           0.0019966,             0.98729,                   1,               0.995,             0.87696,             0.01214,           0.0034182,          0.00057712,            0.001882,            0.001882,            0.001882
                 248,            0.018843,           0.0085726,           0.0023321,             0.98696,                   1,               0.995,             0.87866,            0.011802,           0.0033906,          0.00058147,            0.001849,            0.001849,            0.001849
                 249,            0.019718,           0.0096192,           0.0028412,             0.98651,                   1,               0.995,             0.85084,            0.013124,           0.0035427,           0.0005849,            0.001816,            0.001816,            0.001816
                 250,            0.020172,           0.0096749,            0.003468,             0.98641,                   1,               0.995,             0.85713,            0.013515,           0.0035278,          0.00058569,            0.001783,            0.001783,            0.001783
                 251,            0.018821,            0.008132,            0.001785,             0.98583,                   1,               0.995,             0.83894,            0.013089,           0.0034638,          0.00057789,             0.00175,             0.00175,             0.00175
                 252,            0.020285,           0.0082547,           0.0022868,             0.98633,                   1,               0.995,             0.83359,             0.01274,             0.00352,          0.00057771,            0.001717,            0.001717,            0.001717
                 253,             0.02004,           0.0086976,           0.0017339,             0.98625,                   1,               0.995,             0.86705,            0.012157,            0.003523,          0.00058515,            0.001684,            0.001684,            0.001684
                 254,            0.020164,           0.0078839,           0.0023916,             0.98592,                   1,               0.995,             0.85279,            0.013093,           0.0035355,          0.00057485,            0.001651,            0.001651,            0.001651
                 255,            0.019929,           0.0088118,           0.0028924,              0.9849,                   1,               0.995,               0.885,            0.011617,           0.0034744,          0.00057389,            0.001618,            0.001618,            0.001618
                 256,            0.020339,           0.0087813,           0.0028566,             0.98302,                   1,               0.995,             0.85508,            0.011824,            0.003579,          0.00057335,            0.001585,            0.001585,            0.001585
                 257,            0.019362,           0.0081292,            0.002312,             0.98322,                   1,               0.995,             0.85811,            0.012169,           0.0037615,          0.00056602,            0.001552,            0.001552,            0.001552
                 258,            0.019128,           0.0080706,           0.0015789,             0.98332,                   1,               0.995,             0.86389,            0.012089,           0.0036948,          0.00055697,            0.001519,            0.001519,            0.001519
                 259,            0.020054,           0.0078157,           0.0027242,             0.98368,                   1,               0.995,             0.84979,            0.012677,           0.0036846,          0.00054492,            0.001486,            0.001486,            0.001486
                 260,            0.020085,           0.0084971,            0.002278,              0.9842,                   1,               0.995,             0.84734,            0.012379,           0.0035778,          0.00052457,            0.001453,            0.001453,            0.001453
                 261,            0.018397,           0.0084007,           0.0015414,             0.98422,                   1,               0.995,             0.84093,            0.012857,           0.0035994,          0.00051134,             0.00142,             0.00142,             0.00142
                 262,            0.018893,           0.0079328,           0.0017477,             0.98416,                   1,               0.995,             0.86664,            0.012318,           0.0035603,          0.00051123,            0.001387,            0.001387,            0.001387
                 263,            0.019694,           0.0088222,           0.0032235,             0.98432,                   1,               0.995,              0.8626,            0.011753,           0.0035123,          0.00048784,            0.001354,            0.001354,            0.001354
                 264,            0.019877,           0.0079784,           0.0024194,             0.98461,                   1,               0.995,             0.87923,            0.011285,           0.0035037,           0.0004782,            0.001321,            0.001321,            0.001321
                 265,            0.019348,           0.0079341,           0.0035222,             0.98424,                   1,               0.995,             0.85878,            0.011669,           0.0034908,          0.00046785,            0.001288,            0.001288,            0.001288
                 266,            0.018951,           0.0089064,           0.0017414,             0.98422,                   1,               0.995,             0.86946,            0.012113,           0.0034771,          0.00046111,            0.001255,            0.001255,            0.001255
                 267,            0.018036,            0.007972,           0.0014795,             0.98476,                   1,               0.995,             0.87466,            0.011174,           0.0034434,          0.00045918,            0.001222,            0.001222,            0.001222
                 268,            0.018319,           0.0079958,           0.0022521,             0.98514,                   1,               0.995,             0.87284,            0.011148,           0.0034337,           0.0004605,            0.001189,            0.001189,            0.001189
                 269,            0.019712,           0.0089634,           0.0026612,             0.98567,                   1,               0.995,             0.85891,            0.012026,           0.0034894,          0.00044693,            0.001156,            0.001156,            0.001156
                 270,             0.01977,           0.0088063,           0.0025038,             0.98592,                   1,               0.995,             0.85765,            0.011938,           0.0034924,          0.00043611,            0.001123,            0.001123,            0.001123
                 271,            0.018799,           0.0076601,           0.0026069,              0.9861,                   1,               0.995,             0.85693,            0.012591,           0.0034752,          0.00042347,             0.00109,             0.00109,             0.00109
                 272,            0.018092,           0.0082294,           0.0024546,             0.98646,                   1,               0.995,             0.84991,             0.01221,           0.0034205,          0.00041369,            0.001057,            0.001057,            0.001057
                 273,            0.018567,           0.0088649,           0.0022142,             0.98686,                   1,               0.995,              0.8694,            0.012255,           0.0033842,          0.00041093,            0.001024,            0.001024,            0.001024
                 274,            0.019195,           0.0078904,           0.0041634,             0.98673,                   1,               0.995,             0.88686,            0.011545,           0.0033677,          0.00041179,            0.000991,            0.000991,            0.000991
                 275,            0.018124,            0.008188,           0.0019808,             0.98642,                   1,               0.995,              0.8683,            0.011279,           0.0033856,          0.00041594,            0.000958,            0.000958,            0.000958
                 276,            0.018706,             0.00758,           0.0023497,             0.98637,                   1,               0.995,               0.848,            0.012983,           0.0034497,          0.00041127,            0.000925,            0.000925,            0.000925
                 277,            0.018145,           0.0078309,           0.0015263,             0.98639,                   1,               0.995,             0.85177,            0.012009,           0.0034045,          0.00041277,            0.000892,            0.000892,            0.000892
                 278,            0.018439,           0.0088178,           0.0024838,             0.98627,                   1,               0.995,             0.88156,            0.011641,           0.0033699,          0.00040475,            0.000859,            0.000859,            0.000859
                 279,            0.017958,           0.0084561,           0.0023332,             0.98665,                   1,               0.995,             0.88261,            0.011481,           0.0033397,          0.00039657,            0.000826,            0.000826,            0.000826
                 280,            0.019452,           0.0083987,           0.0029426,             0.98693,                   1,               0.995,             0.88326,            0.011689,           0.0033266,          0.00038885,            0.000793,            0.000793,            0.000793
                 281,            0.018157,           0.0070958,           0.0017418,             0.98708,                   1,               0.995,              0.8701,            0.011826,           0.0032996,           0.0003872,             0.00076,             0.00076,             0.00076
                 282,            0.018972,           0.0073756,           0.0017389,             0.98639,                   1,               0.995,             0.87543,            0.011515,           0.0032677,           0.0003916,            0.000727,            0.000727,            0.000727
                 283,            0.018639,           0.0085199,           0.0027399,             0.98619,                   1,               0.995,             0.87354,              0.0118,           0.0032835,          0.00039107,            0.000694,            0.000694,            0.000694
                 284,             0.01784,           0.0083347,           0.0022886,             0.98521,                   1,               0.995,             0.88831,            0.011244,           0.0032784,          0.00038295,            0.000661,            0.000661,            0.000661
                 285,            0.017469,           0.0081504,           0.0021627,             0.98494,                   1,               0.995,             0.87526,            0.011789,           0.0033254,          0.00038211,            0.000628,            0.000628,            0.000628
                 286,            0.019118,           0.0075463,           0.0031657,             0.98555,                   1,               0.995,               0.888,            0.011124,           0.0032631,          0.00038218,            0.000595,            0.000595,            0.000595
                 287,            0.017743,           0.0082492,            0.002209,             0.98633,                   1,               0.995,             0.88398,            0.011164,           0.0032768,          0.00037701,            0.000562,            0.000562,            0.000562
                 288,            0.017622,           0.0074181,           0.0012885,             0.98692,                   1,               0.995,              0.8784,            0.011699,            0.003329,          0.00037608,            0.000529,            0.000529,            0.000529
                 289,             0.01953,           0.0084166,           0.0022806,             0.98663,                   1,               0.995,             0.86987,            0.011568,           0.0033278,          0.00036723,            0.000496,            0.000496,            0.000496
                 290,            0.018056,           0.0078456,           0.0029993,             0.98644,                   1,               0.995,              0.8793,            0.011563,           0.0032957,           0.0003658,            0.000463,            0.000463,            0.000463
                 291,            0.019221,           0.0086859,           0.0028254,             0.98634,                   1,               0.995,             0.86918,            0.011669,           0.0032887,          0.00036673,             0.00043,             0.00043,             0.00043
                 292,            0.018175,           0.0074203,           0.0018035,             0.98649,                   1,               0.995,             0.88282,            0.011002,           0.0032162,          0.00036516,            0.000397,            0.000397,            0.000397
                 293,            0.018069,           0.0080551,           0.0022156,             0.98663,                   1,               0.995,             0.89551,            0.011051,           0.0032148,          0.00036389,            0.000364,            0.000364,            0.000364
                 294,            0.018379,           0.0075255,           0.0018731,             0.98657,                   1,               0.995,             0.88431,            0.011141,           0.0032254,           0.0003634,            0.000331,            0.000331,            0.000331
                 295,            0.018573,           0.0082381,           0.0023291,             0.98631,                   1,               0.995,             0.89064,            0.011129,           0.0032476,          0.00036292,            0.000298,            0.000298,            0.000298
                 296,            0.018159,           0.0078029,           0.0020664,             0.98626,                   1,               0.995,             0.88694,            0.011105,           0.0032669,          0.00035892,            0.000265,            0.000265,            0.000265
                 297,            0.017298,           0.0081929,           0.0022336,             0.98628,                   1,               0.995,             0.88719,            0.011136,           0.0032869,          0.00035609,            0.000232,            0.000232,            0.000232
                 298,            0.017665,           0.0077484,            0.002585,             0.98653,                   1,               0.995,             0.87989,            0.011228,           0.0032907,          0.00035464,            0.000199,            0.000199,            0.000199
                 299,            0.017604,           0.0079289,           0.0024128,             0.98658,                   1,               0.995,             0.87954,            0.011291,           0.0032752,          0.00035495,            0.000166,            0.000166,            0.000166
